Organization,Followed On
Kaseya,Wed Aug 26 09:11:23 UTC 2026
PrecisionERP / PrecisionIT,Fri Aug 14 23:26:48 UTC 2026
"Zip, a puzzle by LinkedIn",Tue Aug 04 12:47:51 UTC 2026
Runshaw College,Fri Feb 13 00:54:34 UTC 2026
LinkedIn,Mon Sep 15 11:11:32 UTC 2025
Microsoft,Mon Sep 15 11:11:24 UTC 2025
NVIDIA,Sat Jul 12 14:58:49 UTC 2025
Collaboraite,Tue Jun 24 07:41:22 UTC 2025
Nanyang Technological University Singapore,Thu Sep 05 10:25:34 UTC 2024
Lancaster University,Mon Jul 29 11:34:48 UTC 2024
Barclays,Tue Jan 23 19:38:20 UTC 2024
Loughborough University,Tue Dec 14 19:59:29 UTC 2021
Google,Tue Nov 09 12:30:56 UTC 2021
Badminton World Federation,Tue Nov 09 11:30:38 UTC 2021
WonderBill -  a Legado product,Tue May 25 17:53:02 UTC 2021