Endorsement Date,Skill Name,Endorsee First Name,Endorsee Last Name,Endorsee Public Url,Endorsement Status
2026/01/26 14:29:36 UTC,Critical Thinking,Julia,Compton,www.linkedin.com/in/julia-compton-6b822728a,ACCEPTED
2026/01/26 14:29:34 UTC,Teamwork,Julia,Compton,www.linkedin.com/in/julia-compton-6b822728a,ACCEPTED
2025/12/08 07:43:41 UTC,Leadership,Alexander,Harrison,www.linkedin.com/in/alexander-harrison-7057b819,ACCEPTED
2024/08/20 10:21:49 UTC,Front-End Development,Rameez,Raza,www.linkedin.com/in/rameez-raza-b5a0b6219,ACCEPTED
2024/08/20 10:20:54 UTC,Spring Framework,James,Wright,www.linkedin.com/in/james-wright-03a122261,ACCEPTED
2024/08/20 10:20:51 UTC,Teamwork,James,Wright,www.linkedin.com/in/james-wright-03a122261,ACCEPTED
2024/08/20 10:20:46 UTC,Spring Boot,James,Wright,www.linkedin.com/in/james-wright-03a122261,ACCEPTED
2024/08/20 10:20:45 UTC,REST APIs,James,Wright,www.linkedin.com/in/james-wright-03a122261,ACCEPTED
2024/08/20 10:20:32 UTC,Java,James,Wright,www.linkedin.com/in/james-wright-03a122261,ACCEPTED
