Date,Type,Link
2026-08-26 15:00:52,LIKE,https://www.linkedin.com/feed/update/urn%3Ali%3Aactivity%3A7498318920005701632?commentUrn=urn%3Ali%3Acomment%3A%28activity%3A7498318920005701632%2C7498339953890811906%29
2026-08-26 09:06:08,LIKE,https://www.linkedin.com/feed/update/urn%3Ali%3Aactivity%3A7497921519696846850?commentUrn=urn%3Ali%3Acomment%3A%28activity%3A7497921519696846850%2C7498103641653014528%29
2026-08-25 11:16:17,PRAISE,https://www.linkedin.com/feed/update/urn%3Ali%3AugcPost%3A7497951942363615234
2026-08-23 21:52:08,LIKE,https://www.linkedin.com/feed/update/urn%3Ali%3Aactivity%3A7492786714181042176?commentUrn=urn%3Ali%3Acomment%3A%28activity%3A7492786714181042176%2C7492872840426377216%29
2026-08-21 17:44:52,LIKE,https://www.linkedin.com/feed/update/urn%3Ali%3Aactivity%3A7496012744861691904?commentUrn=urn%3Ali%3Acomment%3A%28activity%3A7496012744861691904%2C7496229326368141312%29
2026-08-12 09:08:25,LIKE,https://www.linkedin.com/feed/update/urn%3Ali%3AugcPost%3A7492665190405148672
2026-07-14 13:04:50,LIKE,https://www.linkedin.com/feed/update/urn%3Ali%3AugcPost%3A7482751552689057792
2026-07-08 13:15:38,LIKE,https://www.linkedin.com/feed/update/urn%3Ali%3Aactivity%3A7479204806373355520?commentUrn=urn%3Ali%3Acomment%3A%28activity%3A7479204806373355520%2C7479947508719390720%29
2026-06-30 10:19:03,LIKE,https://www.linkedin.com/feed/update/urn%3Ali%3AugcPost%3A7417107754894422016?commentUrn=urn%3Ali%3Acomment%3A%28ugcPost%3A7417107754894422016%2C7464494208033148928%29
2026-06-30 10:19:00,LIKE,https://www.linkedin.com/feed/update/urn%3Ali%3AugcPost%3A7417107754894422016?commentUrn=urn%3Ali%3Acomment%3A%28ugcPost%3A7417107754894422016%2C7470554778171805696%29
2026-06-22 08:43:13,LIKE,https://www.linkedin.com/feed/update/urn%3Ali%3AugcPost%3A7462568754065895424?commentUrn=urn%3Ali%3Acomment%3A%28ugcPost%3A7462568754065895424%2C7472245159645073408%29
2026-06-14 22:42:07,INTEREST,https://www.linkedin.com/feed/update/urn%3Ali%3Aactivity%3A7471965681232785409
2026-06-12 07:39:34,LIKE,https://www.linkedin.com/feed/update/urn%3Ali%3AugcPost%3A7424687281040474112?commentUrn=urn%3Ali%3Acomment%3A%28ugcPost%3A7424687281040474112%2C7425355980751728640%29
2026-06-11 20:06:52,LIKE,https://www.linkedin.com/feed/update/urn%3Ali%3Aactivity%3A7470119607282913280
2026-06-03 05:12:11,PRAISE,https://www.linkedin.com/feed/update/urn%3Ali%3AugcPost%3A7467287046798135296
2026-05-17 22:44:52,LIKE,https://www.linkedin.com/feed/update/urn%3Ali%3AugcPost%3A7459069332480970752
2026-05-17 22:42:03,PRAISE,https://www.linkedin.com/feed/update/urn%3Ali%3Aactivity%3A7461860826551980032
2026-05-08 23:00:16,LIKE,https://www.linkedin.com/feed/update/urn%3Ali%3AugcPost%3A7454142237141151744?commentUrn=urn%3Ali%3Acomment%3A%28ugcPost%3A7454142237141151744%2C7454353338973978624%29
2026-05-06 08:51:29,PRAISE,https://www.linkedin.com/feed/update/urn%3Ali%3Aactivity%3A7457172288023588864
2026-05-06 08:40:28,PRAISE,https://www.linkedin.com/feed/update/urn%3Ali%3Aactivity%3A7455714671703007232
2026-04-08 12:13:33,PRAISE,https://www.linkedin.com/feed/update/urn%3Ali%3Aactivity%3A7447023559127769089
2026-04-07 11:40:01,LIKE,https://www.linkedin.com/feed/update/urn%3Ali%3Aactivity%3A7446792311033921536?commentUrn=urn%3Ali%3Acomment%3A%28activity%3A7446792311033921536%2C7446962715761328128%29
2026-04-04 12:08:28,LIKE,https://www.linkedin.com/feed/update/urn%3Ali%3Aactivity%3A7445009571645050880?commentUrn=urn%3Ali%3Acomment%3A%28activity%3A7445009571645050880%2C7445026306121027585%29
2026-04-04 12:08:14,LIKE,https://www.linkedin.com/feed/update/urn%3Ali%3Aactivity%3A7445009571645050880?commentUrn=urn%3Ali%3Acomment%3A%28activity%3A7445009571645050880%2C7445016580192796672%29
2026-03-27 09:41:31,LIKE,https://www.linkedin.com/feed/update/urn%3Ali%3Aactivity%3A7442949922284421120?commentUrn=urn%3Ali%3Acomment%3A%28activity%3A7442949922284421120%2C7443155001306324992%29
2026-03-25 11:04:29,PRAISE,https://www.linkedin.com/feed/update/urn%3Ali%3Aactivity%3A7432462996016332800
2026-03-16 09:42:45,LIKE,https://www.linkedin.com/feed/update/urn%3Ali%3Aactivity%3A7437631737783971840
2026-03-10 15:49:19,PRAISE,https://www.linkedin.com/feed/update/urn%3Ali%3AugcPost%3A7437112574409592832
2026-03-06 13:57:11,LIKE,https://www.linkedin.com/feed/update/urn%3Ali%3AugcPost%3A7435633915756797952
2026-03-03 09:49:57,LIKE,https://www.linkedin.com/feed/update/urn%3Ali%3Aactivity%3A7430301340268044288?commentUrn=urn%3Ali%3Acomment%3A%28activity%3A7430301340268044288%2C7430385612152668160%29
2026-03-02 09:44:31,LIKE,https://www.linkedin.com/feed/update/urn%3Ali%3Aactivity%3A7433123163158528002?commentUrn=urn%3Ali%3Acomment%3A%28activity%3A7433123163158528002%2C7433261685462806528%29
2026-03-02 09:44:05,PRAISE,https://www.linkedin.com/feed/update/urn%3Ali%3AugcPost%3A7428163078271295489
2026-03-01 20:26:00,LIKE,https://www.linkedin.com/feed/update/urn%3Ali%3AugcPost%3A7433962588582916096
2026-02-26 13:15:23,LIKE,https://www.linkedin.com/feed/update/urn%3Ali%3Aactivity%3A7432593169344626688
2026-02-26 13:14:58,LIKE,https://www.linkedin.com/feed/update/urn%3Ali%3Aactivity%3A7432164507654791168
2026-02-25 10:42:40,APPRECIATION,https://www.linkedin.com/feed/update/urn%3Ali%3Aactivity%3A7431609118077087744
2026-02-25 10:42:17,LIKE,https://www.linkedin.com/feed/update/urn%3Ali%3Aactivity%3A7431609118077087744?commentUrn=urn%3Ali%3Acomment%3A%28activity%3A7431609118077087744%2C7431655066409013248%29
2026-02-24 09:13:03,LIKE,https://www.linkedin.com/feed/update/urn%3Ali%3Aactivity%3A7431646576223334400?commentUrn=urn%3Ali%3Acomment%3A%28activity%3A7431646576223334400%2C7431679613367414784%29
2026-02-18 09:27:05,PRAISE,https://www.linkedin.com/feed/update/urn%3Ali%3Aactivity%3A7428151195657011200
2026-02-16 12:25:57,LIKE,https://www.linkedin.com/feed/update/urn%3Ali%3AugcPost%3A7426370212054253568
2026-02-14 09:45:02,LIKE,https://www.linkedin.com/feed/update/urn%3Ali%3AugcPost%3A7428148339315003392
2026-02-13 00:49:44,ENTERTAINMENT,https://www.linkedin.com/feed/update/urn%3Ali%3Aactivity%3A7426746520516968448
2026-02-09 14:03:29,LIKE,https://www.linkedin.com/feed/update/urn%3Ali%3Aactivity%3A7425629365142687744?commentUrn=urn%3Ali%3Acomment%3A%28activity%3A7425629365142687744%2C7425644203801690112%29
2026-02-07 09:16:32,LIKE,https://www.linkedin.com/feed/update/urn%3Ali%3Aactivity%3A7422934137130594304?commentUrn=urn%3Ali%3Acomment%3A%28activity%3A7422934137130594304%2C7423676708144373760%29
2026-02-07 09:15:34,LIKE,https://www.linkedin.com/feed/update/urn%3Ali%3Aactivity%3A7422934137130594304?commentUrn=urn%3Ali%3Acomment%3A%28activity%3A7422934137130594304%2C7422968141573500928%29
2026-02-07 09:14:13,PRAISE,https://www.linkedin.com/feed/update/urn%3Ali%3AugcPost%3A7425599462519250944
2026-02-06 09:25:39,LIKE,https://www.linkedin.com/feed/update/urn%3Ali%3Aactivity%3A7424787541993902081
2026-02-06 09:25:07,APPRECIATION,https://www.linkedin.com/feed/update/urn%3Ali%3Aactivity%3A7425259424161685504
2026-02-04 09:29:02,LIKE,https://www.linkedin.com/feed/update/urn%3Ali%3Aactivity%3A7423979992654602240?commentUrn=urn%3Ali%3Acomment%3A%28activity%3A7423979992654602240%2C7424008517960966144%29
2026-01-26 14:26:35,APPRECIATION,https://www.linkedin.com/feed/update/urn%3Ali%3Aactivity%3A7420319397564833792
2026-01-24 12:59:57,PRAISE,https://www.linkedin.com/feed/update/urn%3Ali%3AugcPost%3A7420796809716953088
2026-01-24 00:38:25,APPRECIATION,https://www.linkedin.com/feed/update/urn%3Ali%3Aactivity%3A7420203644958142464
2026-01-24 00:38:11,EMPATHY,https://www.linkedin.com/feed/update/urn%3Ali%3Aactivity%3A7419076222355419136
2026-01-14 09:51:59,PRAISE,https://www.linkedin.com/feed/update/urn%3Ali%3Aactivity%3A7409340788511342592
2026-01-06 23:11:15,PRAISE,https://www.linkedin.com/feed/update/urn%3Ali%3AugcPost%3A7414401218904772608
2026-01-04 01:02:15,PRAISE,https://www.linkedin.com/feed/update/urn%3Ali%3Aactivity%3A7404923578095403008
2026-01-03 11:49:34,APPRECIATION,https://www.linkedin.com/feed/update/urn%3Ali%3Aactivity%3A7412903978419638272
2025-12-29 22:12:00,PRAISE,https://www.linkedin.com/feed/update/urn%3Ali%3Aactivity%3A7411523560403267584
2025-12-28 17:50:55,PRAISE,https://www.linkedin.com/feed/update/urn%3Ali%3Aactivity%3A7411091211542867968
2025-12-24 15:47:03,LIKE,https://www.linkedin.com/feed/update/urn%3Ali%3Aactivity%3A7409135679747686400?commentUrn=urn%3Ali%3Acomment%3A%28activity%3A7409135679747686400%2C7409172911787307009%29
2025-12-24 15:46:32,PRAISE,https://www.linkedin.com/feed/update/urn%3Ali%3Aactivity%3A7408899490906124288
2025-12-24 08:44:06,APPRECIATION,https://www.linkedin.com/feed/update/urn%3Ali%3Aactivity%3A7408300518139158528
2025-12-18 23:11:10,LIKE,https://www.linkedin.com/feed/update/urn%3Ali%3Aactivity%3A7406960267965898752
2025-12-12 15:10:49,PRAISE,https://www.linkedin.com/feed/update/urn%3Ali%3Aactivity%3A7405249853703868417
2025-12-08 07:41:38,LIKE,https://www.linkedin.com/feed/update/urn%3Ali%3Aactivity%3A7402663129588862976?commentUrn=urn%3Ali%3Acomment%3A%28activity%3A7402663129588862976%2C7402674711622565888%29
2025-12-02 16:57:43,PRAISE,https://www.linkedin.com/feed/update/urn%3Ali%3AugcPost%3A7396940919104495618
2025-12-02 16:27:02,LIKE,https://www.linkedin.com/feed/update/urn%3Ali%3AugcPost%3A7395072937386741761
2025-12-01 04:42:03,LIKE,https://www.linkedin.com/feed/update/urn%3Ali%3Aactivity%3A7343699218340954112?commentUrn=urn%3Ali%3Acomment%3A%28activity%3A7343699218340954112%2C7343712437419847680%29
2025-12-01 04:42:02,LIKE,https://www.linkedin.com/feed/update/urn%3Ali%3Aactivity%3A7343699218340954112?commentUrn=urn%3Ali%3Acomment%3A%28activity%3A7343699218340954112%2C7343727478831480833%29
2025-12-01 04:41:35,LIKE,https://www.linkedin.com/feed/update/urn%3Ali%3Aactivity%3A7343699218340954112?commentUrn=urn%3Ali%3Acomment%3A%28activity%3A7343699218340954112%2C7343702232258723840%29
2025-11-30 15:45:15,LIKE,https://www.linkedin.com/feed/update/urn%3Ali%3Aactivity%3A7400594711528329216?commentUrn=urn%3Ali%3Acomment%3A%28activity%3A7400594711528329216%2C7400881075729924096%29
2025-11-30 15:45:05,LIKE,https://www.linkedin.com/feed/update/urn%3Ali%3Aactivity%3A7400594711528329216?commentUrn=urn%3Ali%3Acomment%3A%28activity%3A7400594711528329216%2C7400787694320177152%29
2025-11-29 17:54:41,INTEREST,https://www.linkedin.com/feed/update/urn%3Ali%3Aactivity%3A7400564207303159808
2025-11-28 17:08:33,LIKE,https://www.linkedin.com/feed/update/urn%3Ali%3Aactivity%3A7397194108798349312?commentUrn=urn%3Ali%3Acomment%3A%28activity%3A7397194108798349312%2C7397199631832715264%29
2025-11-26 19:26:44,LIKE,https://www.linkedin.com/feed/update/urn%3Ali%3Aactivity%3A7399198692571979776?commentUrn=urn%3Ali%3Acomment%3A%28activity%3A7399198692571979776%2C7399278952428490752%29
2025-11-25 17:16:25,INTEREST,https://www.linkedin.com/feed/update/urn%3Ali%3Aactivity%3A7399129790349336577?commentUrn=urn%3Ali%3Acomment%3A%28activity%3A7399129790349336577%2C7399133520234856449%29
2025-11-25 17:11:13,PRAISE,https://www.linkedin.com/feed/update/urn%3Ali%3Aactivity%3A7399058778408570880
2025-11-19 13:17:32,PRAISE,https://www.linkedin.com/feed/update/urn%3Ali%3Aactivity%3A7395161285870530560
2025-11-14 01:44:01,LIKE,https://www.linkedin.com/feed/update/urn%3Ali%3Aactivity%3A7391225335964545024
2025-11-11 12:44:54,PRAISE,https://www.linkedin.com/feed/update/urn%3Ali%3Aactivity%3A7393786665879789568
2025-11-07 13:07:25,LIKE,https://www.linkedin.com/feed/update/urn%3Ali%3Aactivity%3A7392169715478999040?commentUrn=urn%3Ali%3Acomment%3A%28activity%3A7392169715478999040%2C7392295718864105472%29
2025-10-29 13:09:50,PRAISE,https://www.linkedin.com/feed/update/urn%3Ali%3AugcPost%3A7383275887321841664
2025-10-27 01:05:28,LIKE,https://www.linkedin.com/feed/update/urn%3Ali%3AugcPost%3A7384677444806561792?commentUrn=urn%3Ali%3Acomment%3A%28ugcPost%3A7384677444806561792%2C7384770503363686400%29
2025-10-27 01:04:49,LIKE,https://www.linkedin.com/feed/update/urn%3Ali%3AugcPost%3A7384677444806561792?commentUrn=urn%3Ali%3Acomment%3A%28ugcPost%3A7384677444806561792%2C7384697129270935553%29
2025-10-27 01:03:30,LIKE,https://www.linkedin.com/feed/update/urn%3Ali%3Aactivity%3A7383762259056947200
2025-10-09 13:16:58,LIKE,https://www.linkedin.com/feed/update/urn%3Ali%3Aactivity%3A7381726975087984640
2025-09-25 22:32:00,LIKE,https://www.linkedin.com/feed/update/urn%3Ali%3Aactivity%3A7375913097221525504?commentUrn=urn%3Ali%3Acomment%3A%28activity%3A7375913097221525504%2C7375940263577366528%29
2025-09-18 17:41:06,LIKE,https://www.linkedin.com/feed/update/urn%3Ali%3AugcPost%3A7374382540452941825
2025-09-15 11:12:09,LIKE,https://www.linkedin.com/feed/update/urn%3Ali%3Aactivity%3A7371958497409699840
2025-08-23 18:35:23,LIKE,https://www.linkedin.com/feed/update/urn%3Ali%3Aactivity%3A7357196070449209344
2025-08-06 17:53:17,LIKE,https://www.linkedin.com/feed/update/urn%3Ali%3AugcPost%3A7353411739285168128
2025-08-06 17:53:00,LIKE,https://www.linkedin.com/feed/update/urn%3Ali%3AugcPost%3A7354543176495296512
2025-08-06 17:52:46,LIKE,https://www.linkedin.com/feed/update/urn%3Ali%3AugcPost%3A7354094645808619521
2025-07-21 17:45:00,LIKE,https://www.linkedin.com/feed/update/urn%3Ali%3AugcPost%3A7345412434108555265
2024-08-27 13:45:02,LIKE,https://www.linkedin.com/feed/update/urn%3Ali%3AugcPost%3A7232008661651369987
2024-07-31 13:23:53,LIKE,https://www.linkedin.com/feed/update/urn%3Ali%3Aactivity%3A7224343079288270848
2024-07-29 11:28:07,LIKE,https://www.linkedin.com/feed/update/urn%3Ali%3AugcPost%3A7222338151162236928
2024-07-29 11:27:57,LIKE,https://www.linkedin.com/feed/update/urn%3Ali%3AugcPost%3A7214368958961848320
2024-07-29 11:27:32,LIKE,https://www.linkedin.com/feed/update/urn%3Ali%3Aactivity%3A7213586879953207296
2024-07-29 11:27:27,LIKE,https://www.linkedin.com/feed/update/urn%3Ali%3AugcPost%3A7220848688040992768
2024-07-29 11:27:00,LIKE,https://www.linkedin.com/feed/update/urn%3Ali%3AugcPost%3A7219299838188761088
2024-03-04 20:07:43,LIKE,https://www.linkedin.com/feed/update/urn%3Ali%3Aactivity%3A7100101650987528192
2024-03-04 20:07:16,LIKE,https://www.linkedin.com/feed/update/urn%3Ali%3Aactivity%3A7169072669982736384
2024-01-20 10:40:11,LIKE,https://www.linkedin.com/feed/update/urn%3Ali%3Aactivity%3A7153730495988543488
