Date/Time,Media Description,Media Link
"You uploaded a feed photo on February 20, 2026 at 1:18 PM (GMT)", -,https://media.licdn.com/dms/image/v2/D4E22AQF8MPKEhDUKmA/feedshare-shrink_1280/B4EZx7M7heHMAc-/0/1771593513475?e=1789603200&v=beta&t=VioWmVEkiUkWM6BE-Xbuo6QaQDUKiLni28NJHN0l2RU
"You uploaded a feed photo on January 27, 2026 at 4:59 PM (GMT)", -,https://media.licdn.com/dms/image/v2/D4E22AQEIwMTAd9x2Kg/feedshare-shrink_20/B4EZwAZYDNGkAM-/0/1769533178375?e=1789603200&v=beta&t=digtPyQS9Pysr6Kygw98kY31jqSEIkeA46M5QfMMSS8
"You uploaded a feed photo on January 27, 2026 at 3:39 PM (GMT)", -,https://media.licdn.com/dms/image/v2/D4E22AQF8ffOHffUDkA/feedshare-shrink_1280/B4EZwAG8jZKYAg-/0/1769528347158?e=1789603200&v=beta&t=Nq_g-XHphzVMppvH8BUiUq7sqIL9midr5EpAtkGipjA
"You uploaded a feed photo on January 27, 2026 at 2:11 PM (GMT)", -,https://media.licdn.com/dms/image/v2/D4E22AQGQnL4d2sT8Ow/feedshare-shrink_800/B4EZv_zAacH8Ag-/0/1769523120092?e=1789603200&v=beta&t=yIsW98zGV9gA4Ko3O6BBD2fi900JJW54YNbp2Sw2img
"You uploaded a feed photo on January 27, 2026 at 10:44 AM (GMT)", -,https://media.licdn.com/dms/image/v2/D4E22AQFTLI1ChHO6cQ/feedshare-image-high-res/B4EZv_Df0LH4AU-/0/1769510665834?e=1789603200&v=beta&t=ME0VK7zJ6D9Q_V0vEtBb9NNsQ1Jy50D7F5x_aEO367Q
"You uploaded a feed photo on January 5, 2026 at 11:07 AM (GMT)", -,https://media.licdn.com/dms/image/v2/D5622AQE1WyvtcMBf6g/feedshare-shrink_20/B56ZuN15gkKgA0-/0/1767611275526?e=1789603200&v=beta&t=KDHm8IoAnlRRlg_OvjWlGRkth7-7zrt6fqcZs301Eeo
"You uploaded a feed photo on December 30, 2025 at 11:05 AM (GMT)", -,https://media.licdn.com/dms/image/v2/D5622AQFYdwW3Bh1-lw/feedshare-shrink_480/B56Ztu72pdJoAY-/0/1767092742969?e=1789603200&v=beta&t=7d5uZO8UD23ge84x1lDnHc0bI3ZNNAMEWSWFjgEeeFM
"You uploaded a feed photo on December 29, 2025 at 10:57 AM (GMT)", -,https://media.licdn.com/dms/image/v2/D5622AQFdxAOWkxdpiw/feedshare-shrink_480/B56ZtpwcrKGsAY-/0/1767005866931?e=1789603200&v=beta&t=K-EKyWFwadSQL3TGIprtPIeE6uJ4j_LI9EqEQHplyW8
"You uploaded a feed photo on December 19, 2025 at 1:56 PM (GMT)", -,https://media.licdn.com/dms/image/v2/D5622AQEVHVEKzq3IFQ/feedshare-shrink_160/B56Zs25ikIHYAc-/0/1766152612345?e=1789603200&v=beta&t=n3N5yqXLnXtwTmhSpqGHWQf3P-1g5AnR4PrNmtXNCxc
"You uploaded a feed photo on December 19, 2025 at 1:22 PM (GMT)", -,https://media.licdn.com/dms/image/v2/D5622AQHKSyQI8HowoA/feedshare-shrink_800/B56Zs2xuivG8Ak-/0/1766150564276?e=1789603200&v=beta&t=UcBiVUwZllBnWy7tgUuHnnC9nLu8-6psE_129b186ak
"You uploaded a feed photo on November 19, 2025 at 10:05 AM (GMT)", -,https://media.licdn.com/dms/image/v2/D4E22AQEjqUNsa-jgtQ/feedshare-shrink_160/B4EZqbkzR4GcAc-/0/1763546707376?e=1789603200&v=beta&t=fXcAPMlTJ5iBdaqm4sm0c6IqdBLO0MsV73b5AD32PfE
"You uploaded a feed photo on November 18, 2025 at 10:29 AM (GMT)", -,https://media.licdn.com/dms/image/v2/D4E22AQHA2cxVDD4GgQ/feedshare-shrink_20/B4EZqWgtvCGUA8-/0/1763461749996?e=1789603200&v=beta&t=LiZzu9sSrtk4RfqqQ0cQG8v66rmIX4BT5UExHQO3gsk
"You uploaded a feed photo on November 18, 2025 at 10:27 AM (GMT)", -,https://media.licdn.com/dms/image/v2/D4E22AQEXFcX7rI6B6g/feedshare-shrink_1280/B4EZqWgPv4KoAs-/0/1763461627149?e=1789603200&v=beta&t=TjpTMvtQsld9LpmTcGmSLezqqaUvZegTfGjr1IL-NLI
"You uploaded a feed photo on November 12, 2025 at 1:36 PM (GMT)", -,https://media.licdn.com/dms/image/v2/D4E22AQGsWKbKSQJfUA/feedshare-shrink_800/B4EZp4SBJZKkAg-/0/1762954580822?e=1789603200&v=beta&t=YcyxuB7jncbL_SHy7o-Su7-GFnUILRu4F5GQnvHZjKw
"You uploaded a feed photo on November 12, 2025 at 9:55 AM (GMT)", -,https://media.licdn.com/dms/image/v2/D4E22AQEr8uSWE8AnWA/feedshare-shrink_800/B4EZp3fjEvIQAg-/0/1762941350443?e=1789603200&v=beta&t=WW8PhkAp8YvEPY2kRHfAXMRSpIoCYPXG4a_nhewD2Po
"You uploaded a feed photo on November 11, 2025 at 9:25 AM (GMT)", -,https://media.licdn.com/dms/image/v2/D4E22AQEKM887CWtOHw/feedshare-shrink_20/B4EZpyPH_IGoA0-/0/1762853159119?e=1789603200&v=beta&t=C73Yar8YwqmB06RTeQKH-S2x6JzUNP-s3RWzWGRJ6p8
"You uploaded a feed photo on November 10, 2025 at 11:27 AM (GMT)", -,https://media.licdn.com/dms/image/v2/D4E22AQEYkak_ZlLpTw/feedshare-shrink_20/B4EZpthT0KHoA4-/0/1762774040051?e=1789603200&v=beta&t=X0VazuuWQeiG8Q5ukAkr8vXgJASz9RTA2djWXST8rR0
"You uploaded a feed photo on November 7, 2025 at 10:43 AM (GMT)", -,https://media.licdn.com/dms/image/v2/D4E22AQHfnqR-LKWLOA/feedshare-shrink_20/B4EZpd6cD5HMA0-/0/1762512191979?e=1789603200&v=beta&t=zJf4y5B6DrvtVl6BhvVEPX_pOVpEV9lh7IwRALrqXEM
"You uploaded a feed photo on November 6, 2025 at 4:05 PM (GMT)", -,https://media.licdn.com/dms/image/v2/D4E22AQFt-_lBG-wNcg/feedshare-shrink_480/B4EZpZ6m9BJ0Ac-/0/1762445127764?e=1789603200&v=beta&t=aZIA28WNrYQXd6m5rMmSTxpEPso4oOe4CnpGXq6OQyg
"You uploaded a feed photo on November 6, 2025 at 3:58 PM (GMT)", -,https://media.licdn.com/dms/image/v2/D4E22AQHU80y-Gc0ttg/feedshare-shrink_800/B4EZpZ46OUJ0Ag-/0/1762444682483?e=1789603200&v=beta&t=jBGfw5IUSQGFc1mMNJrxB9w1GxwHfTB5McmIDYMJlK0
"You uploaded a feed photo on November 6, 2025 at 3:57 PM (GMT)", -,https://media.licdn.com/dms/image/v2/D4E22AQEuQgUHNVAiyQ/feedshare-image-high-res/B4EZpZ43OrHMAw-/0/1762444670164?e=1789603200&v=beta&t=Q5m5uGj2IiHIxB0AoH6pm0TaaN0tgmzZOcK1xRrTSe0
"You uploaded a feed photo on November 6, 2025 at 3:49 PM (GMT)", -,https://media.licdn.com/dms/image/v2/D4E22AQEn1OQWqkFZ5w/feedshare-shrink_800/B4EZpZ247pHoAg-/0/1762444152820?e=1789603200&v=beta&t=sGwwLaNgzLNowJ10SQe83cn-EIeb9ZfT5fFdOEuzXkw
"You uploaded a feed photo on November 6, 2025 at 3:35 PM (GMT)", -,https://media.licdn.com/dms/image/v2/D4E22AQErapx6l2mIjQ/feedshare-shrink_1280/B4EZpZzo_wKsAw-/0/1762443301127?e=1789603200&v=beta&t=wq9CChJ_3SK0jfkJz8n8drx-PJXc_o-iBAevIU14-3I
"You uploaded a feed photo on November 6, 2025 at 3:20 PM (GMT)", -,https://media.licdn.com/dms/image/v2/D4E22AQG6VDKpDGIieg/feedshare-shrink_1280/B4EZpZwVjTIoAs-/0/1762442435042?e=1789603200&v=beta&t=30Wgjf-m3rpxoDtnkk0MDeqALylulgyqYcTOxD5A2CA
"You uploaded a feed photo on November 6, 2025 at 2:15 PM (GMT)", -,https://media.licdn.com/dms/image/v2/D4E22AQFys4RPFu4sLA/feedshare-shrink_1280/B4EZpZhYCyGcAw-/0/1762438513136?e=1789603200&v=beta&t=eibbT1d33IiIaeZsT-hW1OAWpSwpu6sFz_wM-kL3USk
"You uploaded a feed photo on November 6, 2025 at 2:08 PM (GMT)", -,https://media.licdn.com/dms/image/v2/D4E22AQFkDcpKOsxR8A/feedshare-shrink_20/B4EZpZfznGKkA4-/0/1762438101669?e=1789603200&v=beta&t=m88nkLE7V-OcyCV4jQRaNnJx4AEzRO_aPgl-sTQWMgc
"You uploaded a feed photo on November 6, 2025 at 2:01 PM (GMT)", -,https://media.licdn.com/dms/image/v2/D4E22AQH1nwHxgIf7Pw/feedshare-shrink_20/B4EZpZeRdIJgA0-/0/1762437699649?e=1789603200&v=beta&t=Q1mErDPPQNsMAhkjrEwi1yOcVaSCpsbxaW17VqatLlk
"You uploaded a feed photo on November 6, 2025 at 2:01 PM (GMT)", -,https://media.licdn.com/dms/image/v2/D4E22AQEeYPwI-oYD1A/feedshare-shrink_480/B4EZpZeO3MGUAY-/0/1762437689030?e=1789603200&v=beta&t=vS-zK1dCeFgX3Y-sbmz7uKwbtCP8jl3pl9d38BqV1s4
"You uploaded a feed photo on November 6, 2025 at 2:01 PM (GMT)", -,https://media.licdn.com/dms/image/v2/D4E22AQE1I_qalLZUIQ/feedshare-shrink_800/B4EZpZeMT1KgAg-/0/1762437678582?e=1789603200&v=beta&t=f1oYo0cLeXKybKMkI7AZ3Q99NXGWQWFEXZBZZSNbIHc
"You uploaded a feed photo on November 6, 2025 at 1:22 PM (GMT)", -,https://media.licdn.com/dms/image/v2/D4E22AQFDEKtpN7jITg/feedshare-shrink_1280/B4EZpZVMtqIoAs-/0/1762435321038?e=1789603200&v=beta&t=qHVT14QOlYeygY3OGO2yilse2XLtgJ4smtrohDmrbdA
"You uploaded a feed photo on November 6, 2025 at 11:52 AM (GMT)", -,https://media.licdn.com/dms/image/v2/D4E22AQFNYBgcogbeyw/feedshare-shrink_480/B4EZpZAwfjHgAY-/0/1762429962485?e=1789603200&v=beta&t=mPqppA0M373u94WzKgwNpyJFWv444sGXBmKKCWpqxa4
"You uploaded a feed photo on November 6, 2025 at 11:32 AM (GMT)", -,https://media.licdn.com/dms/image/v2/D4E22AQEQ9CO5Dtyr9g/feedshare-image-high-res/B4EZpY8JIVKkAo-/0/1762428752693?e=1789603200&v=beta&t=gh73gWBs5BVdohKS-nhDZHaiGDNgcYxje-QIw7IV--c
"You uploaded a feed photo on November 6, 2025 at 11:29 AM (GMT)", -,https://media.licdn.com/dms/image/v2/D4E22AQFwaEZVF2S7jQ/feedshare-shrink_480/B4EZpY7V.YHUAc-/0/1762428543231?e=1789603200&v=beta&t=QC7Ae6JotIgjS1vlfqUdVbF203r2ffSQ0AVtsuIbgIM
"You uploaded a feed photo on November 6, 2025 at 11:16 AM (GMT)", -,https://media.licdn.com/dms/image/v2/D4E22AQG20Fs961fP3Q/feedshare-shrink_20/B4EZpY4YT.KoA4-/0/1762427766279?e=1789603200&v=beta&t=C8MWN8lvJS9W2RFQeH0Zl7ydWMKvofFU2PG3Sc8tXZk
"You uploaded a feed photo on November 6, 2025 at 11:05 AM (GMT)", -,https://media.licdn.com/dms/image/v2/D4E22AQETOZudHZTuqw/feedshare-shrink_1280/B4EZpY19KuGUAs-/0/1762427130847?e=1789603200&v=beta&t=wMJH1HYEVDxgVW5Wd_WryE9x8vZb4M_DetR3P6ELo5M
"You uploaded a feed photo on November 5, 2025 at 4:09 PM (GMT)", -,https://media.licdn.com/dms/image/v2/D4E22AQHLftdwdfpHwQ/feedshare-shrink_800/B4EZpUx86EIIAg-/0/1762358972302?e=1789603200&v=beta&t=b7m5PjIsUW9Zlps6bIgFLKDJeswwTmXwiD2q9-YzCY4
"You uploaded a feed photo on November 5, 2025 at 4:09 PM (GMT)", -,https://media.licdn.com/dms/image/v2/D4E22AQF8WkAxGPHDCA/feedshare-shrink_1280/B4EZpUx5nfKoAs-/0/1762358958830?e=1789603200&v=beta&t=FsQnfD3IxMujo2cu7yND_BP8bkfUWGWAzY9p-ffVjC0
"You uploaded a feed photo on November 5, 2025 at 3:59 PM (GMT)", -,https://media.licdn.com/dms/image/v2/D4E22AQEzoGQxZpPEoQ/feedshare-shrink_160/B4EZpUvqQYKYAc-/0/1762358371614?e=1789603200&v=beta&t=GetHcG7qRAB-Q2F50n9S-TUv2pATm521jwUJ0Ty2g8E
"You uploaded a feed photo on November 5, 2025 at 3:57 PM (GMT)", -,https://media.licdn.com/dms/image/v2/D4E22AQEexDEHa8tdxQ/feedshare-image-high-res/B4EZpUvMwiGUAo-/0/1762358250836?e=1789603200&v=beta&t=IVCBO0rs1_tbqx6iHuczGVgaltlDFvtALnivXl-f3iM
"You uploaded a feed photo on November 5, 2025 at 3:26 PM (GMT)", -,https://media.licdn.com/dms/image/v2/D4E22AQGPKo1u1CnaRw/feedshare-shrink_20/B4EZpUoKqOHoA0-/0/1762356407171?e=1789603200&v=beta&t=in6pax_VYoH7YI9l7kzgfvOUMMRAAngjDzA3WH9ckqk
"You uploaded a feed photo on November 5, 2025 at 2:12 PM (GMT)", -,https://media.licdn.com/dms/image/v2/D4E22AQHF2WUhxigCHQ/feedshare-shrink_20/B4EZpUXJ1wIwA0-/0/1762351947404?e=1789603200&v=beta&t=UNcZWqpUqDpLuntlrsWugSZ1UPE-_17ylg7sgMwpK-M
"You uploaded a feed photo on October 27, 2025 at 3:12 PM (GMT)", -,https://media.licdn.com/dms/image/v2/D4E22AQEAnwDq7itJsA/feedshare-shrink_800/B4EZomOpV8GoAg-/0/1761577966205?e=1789603200&v=beta&t=3nV1RYdunsZHrEgau0LXZdokOVAiARUxOfEUXS9XL-4
"You uploaded a feed photo on October 27, 2025 at 2:10 PM (GMT)", -,https://media.licdn.com/dms/image/v2/D4E22AQFjYlbtU-62Gg/feedshare-shrink_20/B4EZomAXziKgA0-/0/1761587722003?e=1789603200&v=beta&t=HwIjTPNl_IginYV3KtllDhJbvhvVyFQnvnb2qG-XW6Y
"You uploaded a feed photo on October 27, 2025 at 11:05 AM (GMT)", -,https://media.licdn.com/dms/image/v2/D4E22AQGrwMLLw0rD7Q/feedshare-image-high-res/B4EZolWFxSHMAo-/0/1761563139487?e=1789603200&v=beta&t=CgEWwIQmtzqrJcpAUmSobnM6ox14vmNU87ow1bu2_8o
"You uploaded a feed photo on October 27, 2025 at 10:24 AM (GMT)", -,https://media.licdn.com/dms/image/v2/D4E22AQEMgajwuoFM-g/feedshare-shrink_20/B4EZolMnx5GcA0-/0/1761560657292?e=1789603200&v=beta&t=s7-cLIiOrIbOI2plvDKYa8xYBdwGgtnsIznNKy2f7ho
"You uploaded a feed photo on October 16, 2025 at 9:59 AM (GMT)", -,https://media.licdn.com/dms/image/v2/D4E22AQFV1avq6VaGsg/feedshare-shrink_20/B4EZnsdaevGYA4-/0/1760608758107?e=1789603200&v=beta&t=BmC2BEHkqGr6gbX4u_HzOCIKVS0GN_ccrCw1NdTqe-Q
"You uploaded a feed photo on September 10, 2025 at 12:52 PM (GMT)", -,https://media.licdn.com/dms/image/v2/D4E22AQF8Do6msPpW0g/feedshare-shrink_1280/B4EZkzr7CMGYAs-/0/1757508776340?e=1789603200&v=beta&t=PDtKalHWU0NeMd4_2jX1NlFNTzMPrSvEmerMxWcY5k0
"You uploaded a feed photo on September 9, 2025 at 10:31 AM (GMT)", -,https://media.licdn.com/dms/image/v2/D4E22AQHUWr0Z8Pg_FA/feedshare-shrink_20/B4EZkuB69AKQA0-/0/1757413879900?e=1789603200&v=beta&t=yGriLxIDClZdQFQ_9tfLiQKiGOvCMczDNByUf8vAMB4
"You uploaded a feed photo on September 3, 2025 at 3:20 PM (GMT)", -,https://media.licdn.com/dms/image/v2/D4E22AQEdHeTu_xNl4w/feedshare-shrink_160/B4EZkQKpwUHEAk-/0/1756912852228?e=1789603200&v=beta&t=gAyuLdtEI-iRrq9Y_AtkXp_RugowxxlbBmWR0eAAA7c
"You uploaded a feed photo on August 27, 2025 at 1:28 PM (GMT)", -,https://media.licdn.com/dms/image/v2/D4E22AQEqatDW8JADZQ/feedshare-shrink_1280/B4EZjrtux4HgA8-/0/1756301290874?e=1789603200&v=beta&t=1oojvdtwJ-8lLZhgR2Z0Cxt2-2GOWkXORFjlTSfiLeA
"You uploaded a feed photo on August 21, 2025 at 12:19 PM (GMT)", -,https://media.licdn.com/dms/image/v2/D4E22AQHCZK0gbX3SXg/feedshare-shrink_480/B4EZjMkbksGcAY-/0/1755778759193?e=1789603200&v=beta&t=BU6a6dpP-6NYFZqOVq6OgF9FG7cpDIDXqu2baM8awTc
"You uploaded a feed photo on July 8, 2024 at 3:51 PM (GMT)", -,https://media.licdn.com/dms/image/v2/D4E22AQHWSOQeot0Sdg/feedshare-shrink_800/feedshare-shrink_800/0/1720453861338?e=1789603200&v=beta&t=EWVaXiCSoUiL-0UgIo7l4ea74JEtFvlZvEzRDeArP2c
"You uploaded a feed photo on July 4, 2024 at 2:43 PM (GMT)", -,https://media.licdn.com/dms/image/v2/D4E22AQHW6e8F6MKTBw/feedshare-shrink_800/feedshare-shrink_800/0/1720104227598?e=1789603200&v=beta&t=FgZajn86MFv5IQX4--Cihn0YXakb3-8e-nD1jS70jtw
"You uploaded a feed photo on July 1, 2024 at 11:48 AM (GMT)", -,https://media.licdn.com/dms/image/v2/D4E22AQGxFk4JlSmDpg/feedshare-shrink_800/feedshare-shrink_800/0/1719834480962?e=1789603200&v=beta&t=IXhHoo4bWtFnev757SimNHUTOCAZ06CLvrvAYEKNWHE
"You uploaded a feed photo on July 1, 2024 at 9:21 AM (GMT)", -,https://media.licdn.com/dms/image/v2/D4E22AQEZlkw8GujHwA/feedshare-shrink_800/feedshare-shrink_800/0/1719825671874?e=1789603200&v=beta&t=YFAgoQWEkTY9PTBvfo-6bAHQZfNRZ3xy22MtzlA96BA
"You uploaded a feed photo on June 28, 2024 at 12:32 PM (GMT)", -,https://media.licdn.com/dms/image/v2/D4E22AQE_t2SchHG9VQ/feedshare-shrink_800/feedshare-shrink_800/0/1719577926944?e=1789603200&v=beta&t=Dt51OJNGtyZBcMISUbCQpvNQE38ySH6XkFlopSvoNRA
"You uploaded a feed photo on June 28, 2024 at 11:23 AM (GMT)", -,https://media.licdn.com/dms/image/v2/D4E22AQFU-bGTMBx0sw/feedshare-shrink_800/feedshare-shrink_800/0/1719573781677?e=1789603200&v=beta&t=ly8nbS4ynJ3WbGUzZPVRj2fBPiRWm1NaT9jq7Y5G6D0
"You uploaded a feed photo on June 27, 2024 at 8:51 AM (GMT)", -,https://media.licdn.com/dms/image/v2/D4E22AQGR_YDp6vizfg/feedshare-shrink_800/feedshare-shrink_800/0/1719478293131?e=1789603200&v=beta&t=I97WJqiTKECVPWi_iaKax2r5TPF3-LdHEZDYIX5a50c
"You uploaded a profile photo on June 26, 2024 at 3:07 PM (GMT)", -,https://media.licdn.com/dms/image/v2/D4E04AQG4-zNgZqf5wg/profile-originalphoto-shrink_900_1200/profile-originalphoto-shrink_900_1200/0/1719414437580?e=1789603200&v=beta&t=-v7W6dlFMOP7SfPcoN7MltInNtemBHNBzpbQDbVtOlg
"You uploaded a profile photo on June 26, 2024 at 3:07 PM (GMT)", -,https://media.licdn.com/dms/image/v2/D4E03AQFp2Dq5CCuplQ/profile-displayphoto-shrink_100_100/profile-displayphoto-shrink_100_100/0/1719414437538?e=1789603200&v=beta&t=NkCQw04wmkU-mRyEQ4pSUr8vOG-SD_h9Y65cdiSnOvs
"You uploaded a profile background photo on December 19, 2023 at 11:39 PM (GMT)", -,https://media.licdn.com/dms/image/v2/D4E04AQEEY_Xn9n_1eg/profile-originalbackgroundimage-shrink_396_1584/profile-originalbackgroundimage-shrink_396_1584/0/1703029157840?e=1789603200&v=beta&t=DJFcLo2C_DLe_amMXFZy47wGSGKHnOvsLxrSFSTEQJk
"You uploaded a profile background photo on December 19, 2023 at 11:39 PM (GMT)", -,https://media.licdn.com/dms/image/v2/D4E16AQEvsiF5_lA2SA/profile-displaybackgroundimage-shrink_200_800/profile-displaybackgroundimage-shrink_200_800/0/1703029158933?e=1789603200&v=beta&t=GE8olIdtRZUWvOEo_eLRLs-DcSno_K4-9ZP0wPdUuQQ
